month,year,oilCompanies,quantity000MetricTonnes
April,2023,"IOCL-BARAUNI,BIHAR",546.51
April,2023,IOCL TOTAL,6037.64
April,2023,ONGC TOTAL,1475.55
April,2023,RIL TOTAL,5355.74
May,2023,"IOCL-MATHURA, UTTAR PRADESH",833.52
May,2023,"IOCL-PANIPAT, HARYANA",1263.15
May,2023,"IOCL-BONGAIGAON,ASSAM",257.9
May,2023,"CPCL-MANALI, TAMILNADU",941.28
May,2023,"BPCL-MUMBAI, MAHARASHTRA",1332.15
May,2023,"BPCL-KOCHI, KERALA",1464.34
May,2023,"NRL-NUMALIGARH, ASSAM",61.3
May,2023,"HPCL-VISAKH,ANDHRA PRADESH",1066.12
June,2023,"IOCL-HALDIA, WEST BENGAL",691.68
June,2023,"IOCL-MATHURA, UTTAR PRADESH",808.16
June,2023,"IOCL-BONGAIGAON,ASSAM",251.25
June,2023,"CPCL-MANALI, TAMILNADU",816.58
June,2023,CPCL-TOTAL,816.58
June,2023,"BPCL-KOCHI, KERALA",1467.81
June,2023,HPCL-TOTAL,2922.02
July,2023,"IOCL-BARAUNI,BIHAR",559.56
July,2023,"IOCL-HALDIA, WEST BENGAL",677.19
July,2023,"IOCL-PARADIP,ODISHA",1394.49
July,2023,"BPCL-KOCHI, KERALA",1389.29
July,2023,BPCL-TOTAL,2805.32
July,2023,"HPCL-MUMBAI,MAHARASHTRA",892.93
August,2023,"IOCL-BARAUNI,BIHAR",590.77
August,2023,"IOCL-GUWAHATI,ASSAM",94.25
August,2023,"IOCL-BONGAIGAON,ASSAM",254.94
August,2023,CPCL-TOTAL,1000.38
August,2023,"BPCL-MUMBAI, MAHARASHTRA",1386.54
August,2023,"ONGC-TATIPAKA,ANDHRA PRADESH",5.03
August,2023,"HPCL-MUMBAI,MAHARASHTRA",785.24
August,2023,"NEL-VADINAR,GUJARAT",1727.11
September,2023,"IOCL-BARAUNI,BIHAR",529.03
September,2023,"IOCL-PANIPAT, HARYANA",1194.47
September,2023,"CPCL-MANALI, TAMILNADU",1007.97
September,2023,"MRPL-MANGALORE,KARNATAKA",764.9
September,2023,GRAND TOTAL,20288.5
October,2023,"IOCL-HALDIA, WEST BENGAL",674.35
October,2023,"IOCL-BONGAIGAON,ASSAM",257.97
October,2023,CPCL-TOTAL,1007.23
October,2023,"NRL-NUMALIGARH, ASSAM",285.83
October,2023,"ONGC-TATIPAKA,ANDHRA PRADESH",4.81
October,2023,ONGC TOTAL,1359.39
October,2023,"HMEL-GGSR, BATHINDA, PUNJAB",1104.28
October,2023,"RIL-(SEZ), JAMNAGAR,GUJARAT",1595.32
November,2023,"IOCL-GUWAHATI,ASSAM",33.13
November,2023,"NRL-NUMALIGARH, ASSAM",280.22
November,2023,"ONGC-TATIPAKA,ANDHRA PRADESH",4.6
November,2023,"MRPL-MANGALORE,KARNATAKA",1499.2
November,2023,GRAND TOTAL,21668.32
December,2023,"IOCL-MATHURA, UTTAR PRADESH",815.41
December,2023,HPCL-TOTAL,2860.57
January,2024,"IOCL-PARADIP,ODISHA",1363.85
January,2024,IOCL TOTAL,6091.56
January,2024,"CPCL-MANALI, TAMILNADU",1001.24
January,2024,"BPCL-MUMBAI, MAHARASHTRA",1156.9
January,2024,"BPCL-KOCHI, KERALA",1588.22
January,2024,"NRL-NUMALIGARH, ASSAM",261.67
January,2024,"ONGC-TATIPAKA,ANDHRA PRADESH",6.01
January,2024,ONGC TOTAL,1533.49
January,2024,"HPCL-MUMBAI,MAHARASHTRA",853.95
January,2024,"RIL,JAMNAGAR,GUJARAT",2966.81
February,2024,CPCL-TOTAL,1013.93
February,2024,"HPCL-MUMBAI,MAHARASHTRA",679.65
February,2024,"RIL,JAMNAGAR,GUJARAT",2695.09
February,2024,RIL TOTAL,4887.22
March,2024,"IOCL-KOYALI, GUJARAT",1370.42
March,2024,"BPCL-MUMBAI, MAHARASHTRA",1461.54
March,2024,BPCL-TOTAL,3650.05
March,2024,"MRPL-MANGALORE,KARNATAKA",1522.17
March,2024,HPCL-TOTAL,2970.55
March,2024,"RIL-(SEZ), JAMNAGAR,GUJARAT",2562.42
April,2022,"IOCL-GUWAHATI,ASSAM",89.86
April,2022,CPCL-TOTAL,904.2
April,2022,BPCL-TOTAL,3300.36
April,2022,ONGC TOTAL,1487.02
April,2022,HPCL-TOTAL,2569.16
May,2022,"IOCL-MATHURA, UTTAR PRADESH",812.96
May,2022,"IOCL-PANIPAT, HARYANA",1252.5
May,2022,"ONGC-TATIPAKA,ANDHRA PRADESH",6.78
May,2022,"NEL-VADINAR,GUJARAT",1725.51
June,2022,"IOCL-BARAUNI,BIHAR",559.48
June,2022,"IOCL-PANIPAT, HARYANA",1253.85
June,2022,IOCL TOTAL,6276.8
June,2022,"BPCL-KOCHI, KERALA",1363.85
June,2022,BORL-BINA,649.82
June,2022,"MRPL-MANGALORE,KARNATAKA",1428.97
June,2022,ONGC TOTAL,1435.69
June,2022,RIL TOTAL,5361.9
June,2022,GRAND TOTAL,21574.57
July,2022,"IOCL-MATHURA, UTTAR PRADESH",714.64
July,2022,"IOCL-BONGAIGAON,ASSAM",211.02
July,2022,IOCL TOTAL,6167.19
July,2022,BPCL-TOTAL,2699.54
July,2022,"HMEL-GGSR, BATHINDA, PUNJAB",1109.49
August,2022,"CPCL-MANALI, TAMILNADU",940.43
August,2022,"ONGC-TATIPAKA,ANDHRA PRADESH",3.93
August,2022,"MRPL-MANGALORE,KARNATAKA",1182.21
August,2022,"HMEL-GGSR, BATHINDA, PUNJAB",1019.7
August,2022,"RIL,JAMNAGAR,GUJARAT",3029.94
September,2022,"IOCL-BARAUNI,BIHAR",544.5
September,2022,"IOCL-BONGAIGAON,ASSAM",244.44
September,2022,IOCL TOTAL,5088.28
September,2022,BORL-BINA,650.73
September,2022,"NRL-NUMALIGARH, ASSAM",247.85
October,2022,"BPCL-MUMBAI, MAHARASHTRA",1306.88
October,2022,BPCL-TOTAL,2593.06
October,2022,"RIL-(SEZ), JAMNAGAR,GUJARAT",1759.64
October,2022,GRAND TOTAL,20413.63
November,2022,"IOCL-KOYALI, GUJARAT",1254.26
November,2022,"IOCL-BONGAIGAON,ASSAM",244.09
November,2022,"CPCL-MANALI, TAMILNADU",921
November,2022,HPCL-TOTAL,2599.45
December,2022,"IOCL-MATHURA, UTTAR PRADESH",879.89
December,2022,"ONGC-TATIPAKA,ANDHRA PRADESH",6.46
December,2022,ONGC TOTAL,1510.51
December,2022,HPCL-TOTAL,2785.38
December,2022,"NEL-VADINAR,GUJARAT",1712.08
January,2023,"RIL-(SEZ), JAMNAGAR,GUJARAT",2542.8
January,2023,RIL TOTAL,5390.8
February,2023,"IOCL-BARAUNI,BIHAR",542.97
February,2023,BORL-BINA,657.05
February,2023,BPCL-TOTAL,3356.68
February,2023,"NRL-NUMALIGARH, ASSAM",244.06
February,2023,"ONGC-TATIPAKA,ANDHRA PRADESH",6.12
February,2023,ONGC TOTAL,1399.11
March,2023,"IOCL-HALDIA, WEST BENGAL",742.52
March,2023,IOCL TOTAL,6696.37
April,2021,"IOCL-BARAUNI,BIHAR",471
April,2021,"IOCL-PARADIP,ODISHA",1332
April,2021,CPCL-TOTAL,760
April,2021,"HMEL-GGSR, BATHINDA, PUNJAB",1059
April,2021,"NEL-VADINAR,GUJARAT",1633
April,2021,GRAND TOTAL,19885
May,2021,"IOCL-MATHURA, UTTAR PRADESH",692
May,2021,"IOCL-PANIPAT, HARYANA",1156
May,2021,"IOCL-GUWAHATI,ASSAM",NA
May,2021,"IOCL-PARADIP,ODISHA",1045
May,2021,"HMEL-GGSR, BATHINDA, PUNJAB",1102
May,2021,"RIL,JAMNAGAR,GUJARAT",2837
June,2021,"IOCL-BONGAIGAON,ASSAM",233
June,2021,"IOCL-PARADIP,ODISHA",1034
June,2021,"CPCL-MANALI, TAMILNADU",646
July,2021,"IOCL-BARAUNI,BIHAR",569
July,2021,"IOCL-KOYALI, GUJARAT",1102
July,2021,IOCL TOTAL,5668
July,2021,BPCL-TOTAL,2962
July,2021,"ONGC-TATIPAKA,ANDHRA PRADESH",3
July,2021,HPCL-TOTAL,1898
July,2021,"RIL-(SEZ), JAMNAGAR,GUJARAT",2284
August,2021,"IOCL-BARAUNI,BIHAR",296
August,2021,"IOCL-BONGAIGAON,ASSAM",233
August,2021,IOCL TOTAL,4904
August,2021,"HPCL-MUMBAI,MAHARASHTRA",299
August,2021,GRAND TOTAL,18439
September,2021,"IOCL-PANIPAT, HARYANA",1086
September,2021,"IOCL-GUWAHATI,ASSAM",77
September,2021,IOCL TOTAL,4705
September,2021,"MRPL-MANGALORE,KARNATAKA",988
September,2021,ONGC TOTAL,994
September,2021,"NEL-VADINAR,GUJARAT",1668
October,2021,IOCL TOTAL,5517
October,2021,"BPCL-MUMBAI, MAHARASHTRA",1110
October,2021,"NRL-NUMALIGARH, ASSAM",254
October,2021,"HPCL-VISAKH,ANDHRA PRADESH",853
November,2021,"IOCL-BARAUNI,BIHAR",479
November,2021,"IOCL-PARADIP,ODISHA",1120
November,2021,"BPCL-KOCHI, KERALA",1429
November,2021,"NRL-NUMALIGARH, ASSAM",223
November,2021,"HMEL-GGSR, BATHINDA, PUNJAB",1080
November,2021,HPCL-TOTAL,2445
November,2021,"RIL-(SEZ), JAMNAGAR,GUJARAT",2451
November,2021,RIL TOTAL,5448
November,2021,"NEL-VADINAR,GUJARAT",1688
December,2021,"IOCL-KOYALI, GUJARAT",1293
December,2021,"ONGC-TATIPAKA,ANDHRA PRADESH",7
December,2021,"HPCL-MUMBAI,MAHARASHTRA",674
December,2021,"HMEL-GGSR, BATHINDA, PUNJAB",1118
December,2021,HPCL-TOTAL,2601
December,2021,GRAND TOTAL,21483
January,2022,"IOCL-MATHURA, UTTAR PRADESH",746
January,2022,"IOCL-DIGBOI,ASSAM",59
January,2022,IOCL TOTAL,5844
January,2022,"MRPL-MANGALORE,KARNATAKA",1440
January,2022,RIL TOTAL,5277
January,2022,"NEL-VADINAR,GUJARAT",1733
February,2022,"IOCL-BARAUNI,BIHAR",529
February,2022,"IOCL-KOYALI, GUJARAT",1200
February,2022,"IOCL-DIGBOI,ASSAM",50
February,2022,"IOCL-PARADIP,ODISHA",1211
February,2022,BORL-BINA,594
February,2022,"HPCL-MUMBAI,MAHARASHTRA",748
February,2022,"RIL,JAMNAGAR,GUJARAT",2777
February,2022,"RIL-(SEZ), JAMNAGAR,GUJARAT",2013
February,2022,GRAND TOTAL,20443
March,2022,"IOCL-KOYALI, GUJARAT",1338
March,2022,"IOCL-PARADIP,ODISHA",1383
March,2022,CPCL-TOTAL,1062
March,2022,BORL-BINA,704
March,2022,"NRL-NUMALIGARH, ASSAM",188
March,2022,ONGC TOTAL,1510
March,2022,"RIL,JAMNAGAR,GUJARAT",3056
March,2022,"RIL-(SEZ), JAMNAGAR,GUJARAT",2074
April,2020,"IOCL-MATHURA, UTTAR PRADESH",506
April,2020,"IOCL-PANIPAT, HARYANA",457
April,2020,"IOCL-GUWAHATI,ASSAM",NA
April,2020,"IOCL-PARADIP,ODISHA",725
April,2020,BORL-BINA,332
April,2020,"HMEL-GGSR, BATHINDA, PUNJAB",593
May,2020,"IOCL-PANIPAT, HARYANA",919
May,2020,"ONGC-TATIPAKA,ANDHRA PRADESH",6
May,2020,"HPCL-VISAKH,ANDHRA PRADESH",743
May,2020,HPCL-TOTAL,1920
May,2020,RIL TOTAL,5312
May,2020,GRAND TOTAL,16347
June,2020,"IOCL-BARAUNI,BIHAR",512
June,2020,"IOCL-HALDIA, WEST BENGAL",533
June,2020,"IOCL-GUWAHATI,ASSAM",64
June,2020,"NRL-NUMALIGARH, ASSAM",250
June,2020,"RIL,JAMNAGAR,GUJARAT",2605
June,2020,"RIL-(SEZ), JAMNAGAR,GUJARAT",2047
June,2020,"NEL-VADINAR,GUJARAT",1394
July,2020,"IOCL-MATHURA, UTTAR PRADESH",754
July,2020,"IOCL-PANIPAT, HARYANA",1115
July,2020,"BPCL-KOCHI, KERALA",844
July,2020,"MRPL-MANGALORE,KARNATAKA",766
August,2020,"IOCL-BARAUNI,BIHAR",318
August,2020,"IOCL-GUWAHATI,ASSAM",89
August,2020,BORL-BINA,451
August,2020,HPCL-TOTAL,2357
August,2020,"RIL-(SEZ), JAMNAGAR,GUJARAT",1369
August,2020,"NEL-VADINAR,GUJARAT",1539
September,2020,"IOCL-BARAUNI,BIHAR",376
September,2020,"IOCL-PANIPAT, HARYANA",1025
September,2020,"IOCL-DIGBOI,ASSAM",46
September,2020,"NEL-VADINAR,GUJARAT",1460
September,2020,GRAND TOTAL,17707
October,2020,"IOCL-KOYALI, GUJARAT",1049
October,2020,IOCL TOTAL,5662
October,2020,"CPCL-MANALI, TAMILNADU",725
October,2020,CPCL-TOTAL,725
November,2020,"IOCL-BARAUNI,BIHAR",579
November,2020,"IOCL-PANIPAT, HARYANA",1359
November,2020,"IOCL-GUWAHATI,ASSAM",83
November,2020,BORL-BINA,594
November,2020,BPCL-TOTAL,3409
November,2020,"MRPL-MANGALORE,KARNATAKA",1011
November,2020,HPCL-TOTAL,2457
December,2020,"IOCL-BONGAIGAON,ASSAM",204
December,2020,"CPCL-MANALI, TAMILNADU",766
December,2020,"BPCL-MUMBAI, MAHARASHTRA",1200
December,2020,BORL-BINA,625
December,2020,"NRL-NUMALIGARH, ASSAM",260
December,2020,"ONGC-TATIPAKA,ANDHRA PRADESH",7
December,2020,"MRPL-MANGALORE,KARNATAKA",1307
December,2020,"HPCL-MUMBAI,MAHARASHTRA",578
December,2020,"NEL-VADINAR,GUJARAT",1544
January,2021,"IOCL-BARAUNI,BIHAR",589
January,2021,"IOCL-PANIPAT, HARYANA",1321
January,2021,"IOCL-GUWAHATI,ASSAM",90
January,2021,"CPCL-MANALI, TAMILNADU",917
January,2021,"HPCL-VISAKH,ANDHRA PRADESH",800
January,2021,"RIL,JAMNAGAR,GUJARAT",2916
February,2021,CPCL-TOTAL,758
February,2021,"BPCL-KOCHI, KERALA",1410
February,2021,BORL-BINA,601
February,2021,"MRPL-MANGALORE,KARNATAKA",1297
February,2021,ONGC TOTAL,1305
February,2021,GRAND TOTAL,18617
March,2021,"IOCL-BONGAIGAON,ASSAM",230
March,2021,"HPCL-VISAKH,ANDHRA PRADESH",867
March,2021,HPCL-TOTAL,2606
September,2022,"CPCL-MANALI, TAMILNADU",961.61
September,2022,"BPCL-MUMBAI, MAHARASHTRA",1261.03
October,2022,"IOCL-KOYALI, GUJARAT",1323.4
October,2022,"IOCL-HALDIA, WEST BENGAL",724.58
October,2022,"IOCL-MATHURA, UTTAR PRADESH",794.59
October,2022,"IOCL-PARADIP,ODISHA",1239.11
October,2022,IOCL TOTAL,6245.22
October,2022,"HPCL-VISAKH,ANDHRA PRADESH",787.49
October,2022,RIL TOTAL,4691.26
November,2022,"IOCL-PARADIP,ODISHA",1330.62
November,2022,BPCL-TOTAL,3289.21
November,2022,"NRL-NUMALIGARH, ASSAM",247
November,2022,"ONGC-TATIPAKA,ANDHRA PRADESH",6.3
November,2022,"HPCL-MUMBAI,MAHARASHTRA",820.12
November,2022,"RIL,JAMNAGAR,GUJARAT",2555.92
December,2022,"IOCL-GUWAHATI,ASSAM",73.44
December,2022,"IOCL-PARADIP,ODISHA",1416.58
December,2022,"NRL-NUMALIGARH, ASSAM",271.76
December,2022,"HPCL-MUMBAI,MAHARASHTRA",850.56
December,2022,"HMEL-GGSR, BATHINDA, PUNJAB",1116.44
December,2022,"RIL,JAMNAGAR,GUJARAT",2840.86
December,2022,GRAND TOTAL,22272.56
January,2023,"IOCL-BARAUNI,BIHAR",602.13
January,2023,"IOCL-PARADIP,ODISHA",1425.16
January,2023,"CPCL-MANALI, TAMILNADU",990.3
January,2023,CPCL-TOTAL,990.3
January,2023,"MRPL-MANGALORE,KARNATAKA",1496.59
January,2023,ONGC TOTAL,1503.17
January,2023,"HMEL-GGSR, BATHINDA, PUNJAB",1116.62
January,2023,"NEL-VADINAR,GUJARAT",1719.37
February,2023,"CPCL-MANALI, TAMILNADU",927.88
February,2023,"BPCL-MUMBAI, MAHARASHTRA",1293.12
February,2023,GRAND TOTAL,20847.79
March,2023,"IOCL-GUWAHATI,ASSAM",96.81
March,2023,"CPCL-MANALI, TAMILNADU",1033.64
March,2023,BORL-BINA,735.71
April,2021,"IOCL-KOYALI, GUJARAT",998
April,2021,"IOCL-HALDIA, WEST BENGAL",696
April,2021,"IOCL-GUWAHATI,ASSAM",62
April,2021,"IOCL-DIGBOI,ASSAM",56
April,2021,"IOCL-BONGAIGAON,ASSAM",225
April,2021,IOCL TOTAL,5980
April,2021,"CPCL-MANALI, TAMILNADU",760
April,2021,BPCL-TOTAL,3236
April,2021,"RIL-(SEZ), JAMNAGAR,GUJARAT",2248
May,2021,"CPCL-MANALI, TAMILNADU",629
May,2021,"BPCL-MUMBAI, MAHARASHTRA",1172
May,2021,"NRL-NUMALIGARH, ASSAM",226
May,2021,"ONGC-TATIPAKA,ANDHRA PRADESH",7
May,2021,"NEL-VADINAR,GUJARAT",1692
June,2021,"IOCL-BARAUNI,BIHAR",442
June,2021,"IOCL-MATHURA, UTTAR PRADESH",698
June,2021,IOCL TOTAL,5358
June,2021,CPCL-TOTAL,646
June,2021,"NRL-NUMALIGARH, ASSAM",193
June,2021,"HPCL-MUMBAI,MAHARASHTRA",304
June,2021,"HPCL-VISAKH,ANDHRA PRADESH",481
June,2021,RIL TOTAL,5219
June,2021,GRAND TOTAL,18400
July,2021,"IOCL-DIGBOI,ASSAM",60
July,2021,"NRL-NUMALIGARH, ASSAM",227
July,2021,"HPCL-MUMBAI,MAHARASHTRA",319
July,2021,"HPCL-VISAKH,ANDHRA PRADESH",480
July,2021,GRAND TOTAL,19384
August,2021,"IOCL-PANIPAT, HARYANA",1150
August,2021,"IOCL-GUWAHATI,ASSAM",64
August,2021,"HPCL-VISAKH,ANDHRA PRADESH",479
August,2021,HPCL-TOTAL,1890
August,2021,"RIL-(SEZ), JAMNAGAR,GUJARAT",2237
September,2021,"IOCL-PARADIP,ODISHA",838
September,2021,GRAND TOTAL,18214
October,2021,"IOCL-HALDIA, WEST BENGAL",736
October,2021,"IOCL-BONGAIGAON,ASSAM",215
October,2021,CPCL-TOTAL,500
October,2021,"BPCL-KOCHI, KERALA",1444
October,2021,GRAND TOTAL,20958
November,2021,"IOCL-KOYALI, GUJARAT",1123
November,2021,"IOCL-MATHURA, UTTAR PRADESH",852
November,2021,"IOCL-BONGAIGAON,ASSAM",217
November,2021,IOCL TOTAL,5982
November,2021,BORL-BINA,684
November,2021,"HPCL-VISAKH,ANDHRA PRADESH",819
December,2021,"IOCL-HALDIA, WEST BENGAL",264
December,2021,"IOCL-BONGAIGAON,ASSAM",206
December,2021,"BPCL-MUMBAI, MAHARASHTRA",1304
December,2021,BORL-BINA,657
January,2022,"IOCL-PANIPAT, HARYANA",1221
January,2022,"IOCL-PARADIP,ODISHA",1325
January,2022,"BPCL-MUMBAI, MAHARASHTRA",1303
January,2022,BPCL-TOTAL,3475
January,2022,"RIL-(SEZ), JAMNAGAR,GUJARAT",2235
February,2022,"IOCL-BONGAIGAON,ASSAM",181
February,2022,"NRL-NUMALIGARH, ASSAM",234
March,2022,"IOCL-BARAUNI,BIHAR",596
March,2022,"MRPL-MANGALORE,KARNATAKA",1504
March,2022,GRAND TOTAL,22337
April,2020,"IOCL-BARAUNI,BIHAR",247
April,2020,"IOCL-KOYALI, GUJARAT",578
April,2020,"MRPL-MANGALORE,KARNATAKA",671
April,2020,"HPCL-MUMBAI,MAHARASHTRA",549
April,2020,HPCL-TOTAL,1917
April,2020,"RIL-(SEZ), JAMNAGAR,GUJARAT",2523
May,2020,"IOCL-DIGBOI,ASSAM",56
May,2020,"IOCL-PARADIP,ODISHA",959
May,2020,"MRPL-MANGALORE,KARNATAKA",566
May,2020,"HPCL-MUMBAI,MAHARASHTRA",525
May,2020,"RIL-(SEZ), JAMNAGAR,GUJARAT",2550
June,2020,"IOCL-MATHURA, UTTAR PRADESH",769
June,2020,IOCL TOTAL,5573
June,2020,"CPCL-MANALI, TAMILNADU",579
June,2020,ONGC TOTAL,634
June,2020,"HPCL-VISAKH,ANDHRA PRADESH",725
June,2020,HPCL-TOTAL,2164
July,2020,"IOCL-BARAUNI,BIHAR",437
July,2020,"IOCL-DIGBOI,ASSAM",51
July,2020,"CPCL-MANALI, TAMILNADU",724
July,2020,BPCL-TOTAL,2571
July,2020,"HPCL-VISAKH,ANDHRA PRADESH",718
July,2020,HPCL-TOTAL,2390
July,2020,"RIL-(SEZ), JAMNAGAR,GUJARAT",1468
August,2020,"IOCL-HALDIA, WEST BENGAL",562
August,2020,"CPCL-MANALI, TAMILNADU",562
August,2020,"BPCL-KOCHI, KERALA",936
August,2020,BPCL-TOTAL,2440
August,2020,"HPCL-MUMBAI,MAHARASHTRA",658
August,2020,"HMEL-GGSR, BATHINDA, PUNJAB",1047
August,2020,RIL TOTAL,4390
September,2020,"IOCL-BONGAIGAON,ASSAM",189
September,2020,"BPCL-MUMBAI, MAHARASHTRA",909
September,2020,"NRL-NUMALIGARH, ASSAM",198
September,2020,"ONGC-TATIPAKA,ANDHRA PRADESH",7
September,2020,ONGC TOTAL,820
September,2020,HPCL-TOTAL,2414
September,2020,"RIL-(SEZ), JAMNAGAR,GUJARAT",2230
October,2020,"IOCL-BARAUNI,BIHAR",435
October,2020,"IOCL-HALDIA, WEST BENGAL",585
October,2020,"IOCL-DIGBOI,ASSAM",61
October,2020,"NRL-NUMALIGARH, ASSAM",232
October,2020,BPCL-TOTAL,2910
October,2020,"ONGC-TATIPAKA,ANDHRA PRADESH",7
October,2020,"HPCL-VISAKH,ANDHRA PRADESH",793
October,2020,"RIL,JAMNAGAR,GUJARAT",3023
October,2020,"NEL-VADINAR,GUJARAT",563
October,2020,GRAND TOTAL,18389
November,2020,"IOCL-KOYALI, GUJARAT",1124
November,2020,"IOCL-HALDIA, WEST BENGAL",680
November,2020,"IOCL-MATHURA, UTTAR PRADESH",796
November,2020,"IOCL-DIGBOI,ASSAM",59
November,2020,IOCL TOTAL,6210
November,2020,"BPCL-MUMBAI, MAHARASHTRA",1247
November,2020,"HMEL-GGSR, BATHINDA, PUNJAB",1038
November,2020,"RIL-(SEZ), JAMNAGAR,GUJARAT",2611
December,2020,"IOCL-BARAUNI,BIHAR",553
December,2020,"IOCL-GUWAHATI,ASSAM",84
December,2020,"IOCL-DIGBOI,ASSAM",58
December,2020,ONGC TOTAL,1314
January,2021,"IOCL-HALDIA, WEST BENGAL",723
January,2021,"IOCL-MATHURA, UTTAR PRADESH",893
January,2021,"IOCL-DIGBOI,ASSAM",58
January,2021,"IOCL-PARADIP,ODISHA",1206
January,2021,IOCL TOTAL,6278
January,2021,"BPCL-MUMBAI, MAHARASHTRA",1320
January,2021,"BPCL-KOCHI, KERALA",1573
January,2021,"NEL-VADINAR,GUJARAT",1545
January,2021,GRAND TOTAL,21809
February,2021,"IOCL-KOYALI, GUJARAT",912
February,2021,"IOCL-PANIPAT, HARYANA",1047
February,2021,"IOCL-PARADIP,ODISHA",1164
February,2021,"CPCL-MANALI, TAMILNADU",758
February,2021,"BPCL-MUMBAI, MAHARASHTRA",1264
February,2021,RIL TOTAL,4876
March,2021,"IOCL-DIGBOI,ASSAM",23
March,2021,IOCL TOTAL,5927
March,2021,"BPCL-MUMBAI, MAHARASHTRA",1376
March,2021,"ONGC-TATIPAKA,ANDHRA PRADESH",8
March,2021,"MRPL-MANGALORE,KARNATAKA",1361
March,2021,ONGC TOTAL,1369
March,2021,RIL TOTAL,4890
April,2023,"IOCL-PANIPAT, HARYANA",1251.74
April,2023,"IOCL-DIGBOI,ASSAM",43.9
April,2023,"ONGC-TATIPAKA,ANDHRA PRADESH",6.63
April,2023,"NEL-VADINAR,GUJARAT",1670.56
May,2023,"IOCL-BARAUNI,BIHAR",579.56
May,2023,"IOCL-KOYALI, GUJARAT",1330.39
May,2023,"IOCL-HALDIA, WEST BENGAL",720.08
May,2023,"ONGC-TATIPAKA,ANDHRA PRADESH",6.36
May,2023,"MRPL-MANGALORE,KARNATAKA",1494.17
May,2023,"HPCL-MUMBAI,MAHARASHTRA",790.76
May,2023,HPCL-TOTAL,2957.93
June,2023,"IOCL-KOYALI, GUJARAT",1275.12
June,2023,"IOCL-PANIPAT, HARYANA",1277.62
June,2023,"IOCL-PARADIP,ODISHA",1346.43
June,2023,"BPCL-MUMBAI, MAHARASHTRA",1367.86
June,2023,BPCL-TOTAL,3415.5
June,2023,"ONGC-TATIPAKA,ANDHRA PRADESH",5.61
July,2023,"IOCL-MATHURA, UTTAR PRADESH",436.21
July,2023,"IOCL-PANIPAT, HARYANA",1220.09
July,2023,"IOCL-BONGAIGAON,ASSAM",236.57
July,2023,"CPCL-MANALI, TAMILNADU",1040.15
July,2023,"MRPL-MANGALORE,KARNATAKA",1438.5
July,2023,ONGC TOTAL,1443.88
July,2023,"HPCL-VISAKH,ANDHRA PRADESH",1108.69
July,2023,"HMEL-GGSR, BATHINDA, PUNJAB",1102.12
August,2023,"IOCL-PANIPAT, HARYANA",1230.31
August,2023,"IOCL-PARADIP,ODISHA",1429.01
August,2023,IOCL TOTAL,6252.46
August,2023,BORL-BINA,485.24
August,2023,BPCL-TOTAL,3217.68
September,2023,"IOCL-KOYALI, GUJARAT",1169.64
September,2023,"IOCL-PARADIP,ODISHA",1172.85
September,2023,CPCL-TOTAL,1007.97
September,2023,ONGC TOTAL,769.08
September,2023,"HMEL-GGSR, BATHINDA, PUNJAB",1074.65
October,2023,"IOCL-PANIPAT, HARYANA",1300.18
October,2023,"BPCL-KOCHI, KERALA",1543.83
October,2023,BORL-BINA,710.06
October,2023,"HPCL-MUMBAI,MAHARASHTRA",898.01
October,2023,"NEL-VADINAR,GUJARAT",1726.29
October,2023,GRAND TOTAL,20562.37
November,2023,"IOCL-KOYALI, GUJARAT",1290.12
November,2023,"IOCL-MATHURA, UTTAR PRADESH",864.52
November,2023,"IOCL-DIGBOI,ASSAM",66.3
November,2023,"IOCL-BONGAIGAON,ASSAM",249.59
November,2023,IOCL TOTAL,6319.06
November,2023,CPCL-TOTAL,1001.04
November,2023,BPCL-TOTAL,3117.07
November,2023,ONGC TOTAL,1503.8
November,2023,"HMEL-GGSR, BATHINDA, PUNJAB",1074.42
December,2023,"IOCL-GUWAHATI,ASSAM",97.18
December,2023,"IOCL-BONGAIGAON,ASSAM",255.87
December,2023,IOCL TOTAL,6526.5
December,2023,"CPCL-MANALI, TAMILNADU",820.5
December,2023,BORL-BINA,666.16
December,2023,"NRL-NUMALIGARH, ASSAM",287.17
December,2023,"HPCL-VISAKH,ANDHRA PRADESH",907.85
January,2024,"IOCL-PANIPAT, HARYANA",1213.87
January,2024,CPCL-TOTAL,1001.24
January,2024,"HPCL-VISAKH,ANDHRA PRADESH",1180.36
January,2024,HPCL-TOTAL,2886.15
January,2024,"RIL-(SEZ), JAMNAGAR,GUJARAT",2615.91
January,2024,GRAND TOTAL,22566.05
February,2024,"IOCL-HALDIA, WEST BENGAL",678.34
February,2024,"IOCL-MATHURA, UTTAR PRADESH",793.51
February,2024,"BPCL-KOCHI, KERALA",1203.8
February,2024,BORL-BINA,663.63
February,2024,"NRL-NUMALIGARH, ASSAM",261.6
February,2024,HPCL-TOTAL,2818.23
February,2024,"NEL-VADINAR,GUJARAT",1622.29
February,2024,GRAND TOTAL,20876.75
March,2024,"IOCL-PANIPAT, HARYANA",1105.09
March,2024,CPCL-TOTAL,1072.31
April,2022,"IOCL-BARAUNI,BIHAR",550.61
April,2022,"IOCL-MATHURA, UTTAR PRADESH",805.13
April,2022,"IOCL-DIGBOI,ASSAM",58.03
April,2022,"IOCL-BONGAIGAON,ASSAM",209.04
April,2022,"HPCL-MUMBAI,MAHARASHTRA",731.49
April,2022,"RIL-(SEZ), JAMNAGAR,GUJARAT",2116.64
April,2022,RIL TOTAL,5150.91
May,2022,"CPCL-MANALI, TAMILNADU",1005.44
May,2022,CPCL-TOTAL,1005.44
May,2022,"HMEL-GGSR, BATHINDA, PUNJAB",1111.19
June,2022,"IOCL-MATHURA, UTTAR PRADESH",867.72
June,2022,"IOCL-GUWAHATI,ASSAM",92.08
June,2022,"IOCL-DIGBOI,ASSAM",60.93
June,2022,"CPCL-MANALI, TAMILNADU",972.61
June,2022,"ONGC-TATIPAKA,ANDHRA PRADESH",6.72
June,2022,HPCL-TOTAL,2712.01
July,2022,"IOCL-PANIPAT, HARYANA",1154.63
July,2022,"IOCL-PARADIP,ODISHA",1346.24
July,2022,"CPCL-MANALI, TAMILNADU",975.07
July,2022,"BPCL-KOCHI, KERALA",1423.65
July,2022,"NRL-NUMALIGARH, ASSAM",261.07
July,2022,ONGC TOTAL,1433.34
July,2022,"HPCL-VISAKH,ANDHRA PRADESH",683.83
July,2022,GRAND TOTAL,21423.24
August,2022,"IOCL-GUWAHATI,ASSAM",91.19
August,2022,"IOCL-PARADIP,ODISHA",2.1
August,2022,CPCL-TOTAL,940.43
August,2022,RIL TOTAL,5176.59
September,2022,"IOCL-KOYALI, GUJARAT",1270.87
September,2022,"IOCL-PANIPAT, HARYANA",1153.66
September,2022,CPCL-TOTAL,961.61
September,2022,"BPCL-KOCHI, KERALA",1155.88
September,2022,"MRPL-MANGALORE,KARNATAKA",1329.62
September,2022,ONGC TOTAL,1336.44
September,2022,"HPCL-VISAKH,ANDHRA PRADESH",814.04
September,2022,"RIL-(SEZ), JAMNAGAR,GUJARAT",1838.73
October,2022,BORL-BINA,705.16
October,2022,"HPCL-MUMBAI,MAHARASHTRA",761.39
October,2022,"RIL,JAMNAGAR,GUJARAT",2931.62
November,2022,"IOCL-PANIPAT, HARYANA",699.93
November,2022,"IOCL-GUWAHATI,ASSAM",89.34
November,2022,IOCL TOTAL,5796.21
November,2022,"MRPL-MANGALORE,KARNATAKA",1461.6
November,2022,"HPCL-VISAKH,ANDHRA PRADESH",801.28
November,2022,"HMEL-GGSR, BATHINDA, PUNJAB",978.05
November,2022,"NEL-VADINAR,GUJARAT",25.55
November,2022,GRAND TOTAL,19580.02
December,2022,"IOCL-HALDIA, WEST BENGAL",731.49
December,2022,IOCL TOTAL,6161.15
December,2022,"BPCL-KOCHI, KERALA",1506.63
December,2022,"RIL-(SEZ), JAMNAGAR,GUJARAT",2467.05
December,2022,RIL TOTAL,5307.9
January,2023,"IOCL-KOYALI, GUJARAT",1259.75
January,2023,"IOCL-HALDIA, WEST BENGAL",704.67
January,2023,"IOCL-DIGBOI,ASSAM",62.73
January,2023,"IOCL-BONGAIGAON,ASSAM",253.07
January,2023,"NRL-NUMALIGARH, ASSAM",284.05
January,2023,GRAND TOTAL,22809.58
February,2023,"IOCL-MATHURA, UTTAR PRADESH",740.61
February,2023,"IOCL-PANIPAT, HARYANA",1208.35
February,2023,"BPCL-KOCHI, KERALA",1406.51
February,2023,"RIL,JAMNAGAR,GUJARAT",2575.91
February,2023,"NEL-VADINAR,GUJARAT",1568.22
March,2023,"IOCL-BONGAIGAON,ASSAM",257.73
March,2023,"BPCL-KOCHI, KERALA",1542.02
March,2023,BPCL-TOTAL,3636
March,2023,"NRL-NUMALIGARH, ASSAM",205.02
March,2023,ONGC TOTAL,1507.19
March,2023,"HPCL-MUMBAI,MAHARASHTRA",873.83
March,2023,"HPCL-VISAKH,ANDHRA PRADESH",874.03
April,2021,BORL-BINA,648
April,2021,"NRL-NUMALIGARH, ASSAM",221
April,2021,"ONGC-TATIPAKA,ANDHRA PRADESH",7
April,2021,ONGC TOTAL,1107
April,2021,"HPCL-MUMBAI,MAHARASHTRA",41
April,2021,"RIL,JAMNAGAR,GUJARAT",2773
May,2021,"IOCL-KOYALI, GUJARAT",1042
May,2021,"IOCL-HALDIA, WEST BENGAL",624
May,2021,"IOCL-DIGBOI,ASSAM",61
May,2021,"BPCL-KOCHI, KERALA",910
May,2021,BORL-BINA,519
May,2021,"MRPL-MANGALORE,KARNATAKA",961
May,2021,ONGC TOTAL,968
May,2021,"HPCL-VISAKH,ANDHRA PRADESH",737
June,2021,"BPCL-MUMBAI, MAHARASHTRA",1029
June,2021,"BPCL-KOCHI, KERALA",1016
June,2021,"MRPL-MANGALORE,KARNATAKA",1010
June,2021,"HMEL-GGSR, BATHINDA, PUNJAB",1063
June,2021,"RIL-(SEZ), JAMNAGAR,GUJARAT",2530
July,2021,"CPCL-MANALI, TAMILNADU",819
July,2021,BORL-BINA,623
July,2021,"RIL,JAMNAGAR,GUJARAT",2743
July,2021,RIL TOTAL,5027
July,2021,"NEL-VADINAR,GUJARAT",1677
August,2021,"IOCL-MATHURA, UTTAR PRADESH",643
August,2021,"BPCL-MUMBAI, MAHARASHTRA",1286
August,2021,"HMEL-GGSR, BATHINDA, PUNJAB",1112
September,2021,"IOCL-DIGBOI,ASSAM",60
September,2021,"IOCL-BONGAIGAON,ASSAM",219
September,2021,"ONGC-TATIPAKA,ANDHRA PRADESH",7
September,2021,"HMEL-GGSR, BATHINDA, PUNJAB",1079
September,2021,"RIL,JAMNAGAR,GUJARAT",2841
September,2021,"RIL-(SEZ), JAMNAGAR,GUJARAT",2361
October,2021,"IOCL-PANIPAT, HARYANA",1315
October,2021,"IOCL-PARADIP,ODISHA",877
October,2021,"CPCL-MANALI, TAMILNADU",500
October,2021,BPCL-TOTAL,3213
October,2021,"HPCL-MUMBAI,MAHARASHTRA",535
October,2021,"RIL-(SEZ), JAMNAGAR,GUJARAT",2644
November,2021,"IOCL-HALDIA, WEST BENGAL",708
November,2021,"IOCL-GUWAHATI,ASSAM",83
November,2021,"ONGC-TATIPAKA,ANDHRA PRADESH",7
November,2021,"MRPL-MANGALORE,KARNATAKA",1468
December,2021,"IOCL-BARAUNI,BIHAR",602
December,2021,"IOCL-PANIPAT, HARYANA",1298
December,2021,IOCL TOTAL,5905
December,2021,"CPCL-MANALI, TAMILNADU",840
December,2021,CPCL-TOTAL,840
December,2021,"MRPL-MANGALORE,KARNATAKA",1434
December,2021,"RIL,JAMNAGAR,GUJARAT",3019
December,2021,"NEL-VADINAR,GUJARAT",1710
January,2022,"IOCL-GUWAHATI,ASSAM",92
January,2022,CPCL-TOTAL,915
January,2022,"NRL-NUMALIGARH, ASSAM",272
January,2022,"ONGC-TATIPAKA,ANDHRA PRADESH",7
February,2022,"IOCL-GUWAHATI,ASSAM",82
February,2022,IOCL TOTAL,5785
February,2022,CPCL-TOTAL,928
February,2022,"BPCL-MUMBAI, MAHARASHTRA",1236
February,2022,"NEL-VADINAR,GUJARAT",1563
March,2022,"IOCL-PANIPAT, HARYANA",1285
March,2022,"IOCL-DIGBOI,ASSAM",61
March,2022,"IOCL-BONGAIGAON,ASSAM",248
March,2022,"CPCL-MANALI, TAMILNADU",1062
March,2022,BPCL-TOTAL,3493
March,2022,"HPCL-MUMBAI,MAHARASHTRA",711
March,2022,"HMEL-GGSR, BATHINDA, PUNJAB",1092
April,2020,"IOCL-BONGAIGAON,ASSAM",174
April,2020,"BPCL-MUMBAI, MAHARASHTRA",768
April,2020,BPCL-TOTAL,2086
April,2020,"ONGC-TATIPAKA,ANDHRA PRADESH",2
April,2020,"HPCL-VISAKH,ANDHRA PRADESH",774
April,2020,RIL TOTAL,5314
April,2020,GRAND TOTAL,14745
May,2020,"IOCL-BARAUNI,BIHAR",337
May,2020,"IOCL-GUWAHATI,ASSAM",24
May,2020,IOCL TOTAL,4311
May,2020,CPCL-TOTAL,441
May,2020,"NRL-NUMALIGARH, ASSAM",206
May,2020,"RIL,JAMNAGAR,GUJARAT",2762
June,2020,BORL-BINA,387
June,2020,BPCL-TOTAL,2540
June,2020,"HMEL-GGSR, BATHINDA, PUNJAB",785
July,2020,"IOCL-PARADIP,ODISHA",1025
July,2020,CPCL-TOTAL,724
July,2020,BORL-BINA,411
July,2020,ONGC TOTAL,773
July,2020,"RIL,JAMNAGAR,GUJARAT",2830
July,2020,"NEL-VADINAR,GUJARAT",1560
July,2020,GRAND TOTAL,17680
August,2020,"IOCL-KOYALI, GUJARAT",834
August,2020,"IOCL-DIGBOI,ASSAM",56
August,2020,IOCL TOTAL,3950
August,2020,"BPCL-MUMBAI, MAHARASHTRA",828
August,2020,"MRPL-MANGALORE,KARNATAKA",905
September,2020,"IOCL-GUWAHATI,ASSAM",75
September,2020,CPCL-TOTAL,770
September,2020,BORL-BINA,489
September,2020,"HPCL-VISAKH,ANDHRA PRADESH",728
October,2020,ONGC TOTAL,738
October,2020,"HPCL-MUMBAI,MAHARASHTRA",496
October,2020,"HMEL-GGSR, BATHINDA, PUNJAB",1038
November,2020,"CPCL-MANALI, TAMILNADU",729
November,2020,CPCL-TOTAL,729
November,2020,"ONGC-TATIPAKA,ANDHRA PRADESH",7
November,2020,"HPCL-MUMBAI,MAHARASHTRA",612
November,2020,"HPCL-VISAKH,ANDHRA PRADESH",808
November,2020,GRAND TOTAL,20782
December,2020,"IOCL-MATHURA, UTTAR PRADESH",871
December,2020,CPCL-TOTAL,766
December,2020,BPCL-TOTAL,3414
December,2020,"RIL,JAMNAGAR,GUJARAT",2996
December,2020,GRAND TOTAL,21024
January,2021,"NRL-NUMALIGARH, ASSAM",249
January,2021,BPCL-TOTAL,3837
January,2021,ONGC TOTAL,1427
February,2021,"IOCL-BONGAIGAON,ASSAM",196
February,2021,"HPCL-VISAKH,ANDHRA PRADESH",737
March,2021,"IOCL-MATHURA, UTTAR PRADESH",853
March,2021,"IOCL-PARADIP,ODISHA",1362
March,2021,CPCL-TOTAL,964
April,2023,"IOCL-KOYALI, GUJARAT",1121.57
April,2023,"IOCL-HALDIA, WEST BENGAL",706.28
April,2023,"IOCL-GUWAHATI,ASSAM",94
April,2023,"IOCL-BONGAIGAON,ASSAM",249.6
April,2023,CPCL-TOTAL,919.52
April,2023,"BPCL-MUMBAI, MAHARASHTRA",1258.57
April,2023,BPCL-TOTAL,3236.66
April,2023,"NRL-NUMALIGARH, ASSAM",-0
April,2023,"MRPL-MANGALORE,KARNATAKA",1468.92
April,2023,"RIL,JAMNAGAR,GUJARAT",2841.68
May,2023,"IOCL-PARADIP,ODISHA",1272.1
May,2023,IOCL TOTAL,6417.4
May,2023,BPCL-TOTAL,3456.97
May,2023,RIL TOTAL,5647.78
June,2023,"IOCL-BARAUNI,BIHAR",491.92
June,2023,BORL-BINA,579.83
June,2023,"NRL-NUMALIGARH, ASSAM",8.3
June,2023,RIL TOTAL,5037.32
June,2023,GRAND TOTAL,21538.44
July,2023,"IOCL-GUWAHATI,ASSAM",94.73
July,2023,IOCL TOTAL,6013.25
July,2023,"NRL-NUMALIGARH, ASSAM",245.1
July,2023,"ONGC-TATIPAKA,ANDHRA PRADESH",5.38
July,2023,"RIL,JAMNAGAR,GUJARAT",2951.38
August,2023,"IOCL-KOYALI, GUJARAT",1262.85
August,2023,"BPCL-KOCHI, KERALA",1345.9
August,2023,"NRL-NUMALIGARH, ASSAM",256.76
August,2023,"HMEL-GGSR, BATHINDA, PUNJAB",1106.15
August,2023,RIL TOTAL,5478.17
September,2023,"IOCL-HALDIA, WEST BENGAL",325.1
September,2023,"IOCL-GUWAHATI,ASSAM",90.04
September,2023,"IOCL-BONGAIGAON,ASSAM",251.38
September,2023,"NRL-NUMALIGARH, ASSAM",275.95
September,2023,HPCL-TOTAL,2934.57
October,2023,"IOCL-PARADIP,ODISHA",722.08
October,2023,"BPCL-MUMBAI, MAHARASHTRA",740.46
October,2023,BPCL-TOTAL,2994.35
October,2023,HPCL-TOTAL,3012.34
October,2023,RIL TOTAL,4520.59
November,2023,"IOCL-BARAUNI,BIHAR",553.58
November,2023,"IOCL-PARADIP,ODISHA",1260.94
November,2023,BORL-BINA,682.46
November,2023,"HPCL-MUMBAI,MAHARASHTRA",858.19
November,2023,"HPCL-VISAKH,ANDHRA PRADESH",826.45
November,2023,HPCL-TOTAL,2759.06
November,2023,"RIL,JAMNAGAR,GUJARAT",2796.68
November,2023,RIL TOTAL,5013.47
November,2023,"NEL-VADINAR,GUJARAT",1674.6
December,2023,"IOCL-PARADIP,ODISHA",1387.38
December,2023,BPCL-TOTAL,3619.88
December,2023,"MRPL-MANGALORE,KARNATAKA",1558.25
December,2023,"HPCL-MUMBAI,MAHARASHTRA",842.76
December,2023,"RIL,JAMNAGAR,GUJARAT",2784.65
December,2023,RIL TOTAL,5278.44
December,2023,"NEL-VADINAR,GUJARAT",1729.72
January,2024,"IOCL-BARAUNI,BIHAR",517.57
January,2024,"IOCL-KOYALI, GUJARAT",1191.57
January,2024,"IOCL-GUWAHATI,ASSAM",95.74
January,2024,BPCL-TOTAL,3476.48
January,2024,"MRPL-MANGALORE,KARNATAKA",1527.48
February,2024,"IOCL-KOYALI, GUJARAT",1249.94
February,2024,"IOCL-PANIPAT, HARYANA",693.25
February,2024,"IOCL-GUWAHATI,ASSAM",99.02
February,2024,BPCL-TOTAL,3174.59
March,2024,"IOCL-HALDIA, WEST BENGAL",735.72
March,2024,"IOCL-GUWAHATI,ASSAM",113.51
March,2024,"CPCL-MANALI, TAMILNADU",1072.31
March,2024,"NRL-NUMALIGARH, ASSAM",285.78
March,2024,ONGC TOTAL,1527.62
March,2024,"HMEL-GGSR, BATHINDA, PUNJAB",1103.42
March,2024,"NEL-VADINAR,GUJARAT",1728.11
April,2022,"IOCL-HALDIA, WEST BENGAL",706.39
April,2022,"IOCL-PANIPAT, HARYANA",1172.27
April,2022,"NRL-NUMALIGARH, ASSAM",270.72
April,2022,"ONGC-TATIPAKA,ANDHRA PRADESH",6.05
May,2022,"IOCL-HALDIA, WEST BENGAL",712.4
May,2022,"IOCL-BONGAIGAON,ASSAM",182.52
May,2022,"IOCL-PARADIP,ODISHA",1362.51
May,2022,"BPCL-KOCHI, KERALA",1431.85
May,2022,ONGC TOTAL,1421.98
May,2022,RIL TOTAL,5671.18
June,2022,"IOCL-HALDIA, WEST BENGAL",678.74
June,2022,"IOCL-BONGAIGAON,ASSAM",185.65
June,2022,"NRL-NUMALIGARH, ASSAM",240.56
June,2022,"HPCL-MUMBAI,MAHARASHTRA",851.69
June,2022,"HMEL-GGSR, BATHINDA, PUNJAB",1078.48
July,2022,"IOCL-KOYALI, GUJARAT",1303.93
July,2022,"IOCL-DIGBOI,ASSAM",62.85
July,2022,"BPCL-MUMBAI, MAHARASHTRA",689.36
July,2022,BORL-BINA,586.53
July,2022,"MRPL-MANGALORE,KARNATAKA",1428.36
July,2022,HPCL-TOTAL,2669.81
July,2022,"NEL-VADINAR,GUJARAT",1734.8
August,2022,"IOCL-BONGAIGAON,ASSAM",248.88
August,2022,"HPCL-MUMBAI,MAHARASHTRA",766.9
August,2022,HPCL-TOTAL,2342.38
August,2022,"NEL-VADINAR,GUJARAT",1750.8
September,2022,"IOCL-DIGBOI,ASSAM",44.35
April,2023,"IOCL-PARADIP,ODISHA",1187.32
April,2023,"CPCL-MANALI, TAMILNADU",919.52
April,2023,"BPCL-KOCHI, KERALA",1384.56
April,2023,BORL-BINA,593.53
April,2023,"HPCL-MUMBAI,MAHARASHTRA",837.11
April,2023,"HPCL-VISAKH,ANDHRA PRADESH",844.74
April,2023,"HMEL-GGSR, BATHINDA, PUNJAB",1073.1
April,2023,"RIL-(SEZ), JAMNAGAR,GUJARAT",2514.05
April,2023,GRAND TOTAL,21450.62
May,2023,CPCL-TOTAL,941.28
May,2023,ONGC TOTAL,1500.53
May,2023,"RIL,JAMNAGAR,GUJARAT",2882.35
May,2023,"RIL-(SEZ), JAMNAGAR,GUJARAT",2765.42
May,2023,"NEL-VADINAR,GUJARAT",1743.37
May,2023,GRAND TOTAL,22726.56
June,2023,"IOCL-GUWAHATI,ASSAM",92.45
June,2023,"IOCL-DIGBOI,ASSAM",62.73
June,2023,"HPCL-MUMBAI,MAHARASHTRA",809.85
June,2023,"RIL-(SEZ), JAMNAGAR,GUJARAT",2254.06
June,2023,"NEL-VADINAR,GUJARAT",1583.26
July,2023,HPCL-TOTAL,3103.73
July,2023,"RIL-(SEZ), JAMNAGAR,GUJARAT",2564.65
July,2023,"NEL-VADINAR,GUJARAT",1717.65
August,2023,"IOCL-HALDIA, WEST BENGAL",689.55
August,2023,"IOCL-MATHURA, UTTAR PRADESH",680.98
August,2023,"IOCL-DIGBOI,ASSAM",19.81
August,2023,"MRPL-MANGALORE,KARNATAKA",990.47
August,2023,ONGC TOTAL,995.5
August,2023,"HPCL-VISAKH,ANDHRA PRADESH",1104.99
August,2023,"RIL-(SEZ), JAMNAGAR,GUJARAT",2538.72
August,2023,GRAND TOTAL,21924.43
September,2023,IOCL TOTAL,5506.27
September,2023,"BPCL-MUMBAI, MAHARASHTRA",1354.53
September,2023,BORL-BINA,680.2
September,2023,"RIL,JAMNAGAR,GUJARAT",2807.15
September,2023,RIL TOTAL,4793.84
September,2023,"NEL-VADINAR,GUJARAT",1666.73
October,2023,"IOCL-KOYALI, GUJARAT",1279.38
October,2023,"IOCL-MATHURA, UTTAR PRADESH",852.62
October,2023,"IOCL-GUWAHATI,ASSAM",0.14
October,2023,"IOCL-DIGBOI,ASSAM",66.2
October,2023,IOCL TOTAL,5656.35
October,2023,"MRPL-MANGALORE,KARNATAKA",1354.58
November,2023,"IOCL-HALDIA, WEST BENGAL",692.39
November,2023,"CPCL-MANALI, TAMILNADU",1001.04
November,2023,"BPCL-MUMBAI, MAHARASHTRA",927.63
November,2023,"BPCL-KOCHI, KERALA",1506.98
November,2023,"RIL-(SEZ), JAMNAGAR,GUJARAT",2216.79
December,2023,"IOCL-BARAUNI,BIHAR",597.97
December,2023,"IOCL-KOYALI, GUJARAT",1330.24
December,2023,"IOCL-HALDIA, WEST BENGAL",726.88
December,2023,"IOCL-PANIPAT, HARYANA",1246.48
December,2023,CPCL-TOTAL,820.5
December,2023,GRAND TOTAL,22686.73
January,2024,"IOCL-HALDIA, WEST BENGAL",742.02
January,2024,"IOCL-DIGBOI,ASSAM",68.88
January,2024,BORL-BINA,731.36
January,2024,RIL TOTAL,5582.72
February,2024,IOCL TOTAL,5630.93
February,2024,"CPCL-MANALI, TAMILNADU",1013.93
February,2024,"ONGC-TATIPAKA,ANDHRA PRADESH",5.64
February,2024,"MRPL-MANGALORE,KARNATAKA",1462.33
February,2024,ONGC TOTAL,1467.97
February,2024,"RIL-(SEZ), JAMNAGAR,GUJARAT",2192.13
March,2024,"IOCL-BARAUNI,BIHAR",605.82
March,2024,"IOCL-BONGAIGAON,ASSAM",252.98
March,2024,IOCL TOTAL,6558.95
March,2024,"BPCL-KOCHI, KERALA",1556.77
March,2024,BORL-BINA,631.74
March,2024,"HPCL-MUMBAI,MAHARASHTRA",544.61
March,2024,"HPCL-VISAKH,ANDHRA PRADESH",1322.52
March,2024,RIL TOTAL,5578.73
March,2024,GRAND TOTAL,23372.1
April,2022,"IOCL-KOYALI, GUJARAT",1317.97
April,2022,"IOCL-PARADIP,ODISHA",1327.97
April,2022,IOCL TOTAL,6237.26
April,2022,BORL-BINA,684.49
April,2022,"RIL,JAMNAGAR,GUJARAT",3034.27
April,2022,GRAND TOTAL,21579.61
May,2022,"IOCL-BARAUNI,BIHAR",584.47
May,2022,"IOCL-KOYALI, GUJARAT",1358.94
May,2022,"IOCL-GUWAHATI,ASSAM",93.84
May,2022,"IOCL-DIGBOI,ASSAM",62.26
May,2022,"BPCL-MUMBAI, MAHARASHTRA",1256.55
May,2022,BORL-BINA,675.73
May,2022,BPCL-TOTAL,3364.13
May,2022,"MRPL-MANGALORE,KARNATAKA",1415.2
May,2022,"HPCL-VISAKH,ANDHRA PRADESH",802.67
May,2022,GRAND TOTAL,22643.9
June,2022,CPCL-TOTAL,972.61
June,2022,"BPCL-MUMBAI, MAHARASHTRA",881.71
June,2022,"HPCL-VISAKH,ANDHRA PRADESH",781.84
June,2022,"RIL-(SEZ), JAMNAGAR,GUJARAT",2408.11
July,2022,"IOCL-HALDIA, WEST BENGAL",722.08
July,2022,"IOCL-GUWAHATI,ASSAM",93.18
July,2022,CPCL-TOTAL,975.07
July,2022,"ONGC-TATIPAKA,ANDHRA PRADESH",4.98
July,2022,"RIL-(SEZ), JAMNAGAR,GUJARAT",2549.47
July,2022,RIL TOTAL,5482.43
August,2022,"IOCL-BARAUNI,BIHAR",590.38
August,2022,"IOCL-KOYALI, GUJARAT",1277.89
August,2022,"IOCL-MATHURA, UTTAR PRADESH",649.6
August,2022,"IOCL-DIGBOI,ASSAM",61.16
August,2022,IOCL TOTAL,4836.86
August,2022,"BPCL-MUMBAI, MAHARASHTRA",1246.63
August,2022,"NRL-NUMALIGARH, ASSAM",264.33
August,2022,ONGC TOTAL,1186.14
September,2022,"IOCL-GUWAHATI,ASSAM",86.65
September,2022,"IOCL-PARADIP,ODISHA",274.67
September,2022,"ONGC-TATIPAKA,ANDHRA PRADESH",6.82
September,2022,"HPCL-MUMBAI,MAHARASHTRA",786.46
September,2022,"HMEL-GGSR, BATHINDA, PUNJAB",932.59
September,2022,HPCL-TOTAL,2533.1
September,2022,"RIL,JAMNAGAR,GUJARAT",2784.11
September,2022,"NEL-VADINAR,GUJARAT",1692.16
October,2022,"IOCL-BARAUNI,BIHAR",568.94
October,2022,"IOCL-PANIPAT, HARYANA",1184.84
October,2022,"IOCL-GUWAHATI,ASSAM",93.19
October,2022,"CPCL-MANALI, TAMILNADU",723.13
October,2022,"HMEL-GGSR, BATHINDA, PUNJAB",1114.49
November,2022,"IOCL-BARAUNI,BIHAR",573.35
November,2022,"IOCL-MATHURA, UTTAR PRADESH",836.84
November,2022,"BPCL-MUMBAI, MAHARASHTRA",1216.45
November,2022,"BPCL-KOCHI, KERALA",1380.82
November,2022,BORL-BINA,691.93
November,2022,"RIL-(SEZ), JAMNAGAR,GUJARAT",2677.79
December,2022,"IOCL-DIGBOI,ASSAM",61.96
December,2022,CPCL-TOTAL,960.42
December,2022,"BPCL-MUMBAI, MAHARASHTRA",1344.11
December,2022,BORL-BINA,712.61
December,2022,"MRPL-MANGALORE,KARNATAKA",1504.05
January,2023,"IOCL-MATHURA, UTTAR PRADESH",805.76
January,2023,"IOCL-PANIPAT, HARYANA",1334.66
January,2023,IOCL TOTAL,6541.94
January,2023,"BPCL-KOCHI, KERALA",1533.08
January,2023,BPCL-TOTAL,3601.99
January,2023,"HPCL-MUMBAI,MAHARASHTRA",837.69
January,2023,HPCL-TOTAL,2777.96
February,2023,"IOCL-KOYALI, GUJARAT",1212.84
February,2023,"IOCL-HALDIA, WEST BENGAL",665.21
February,2023,IOCL TOTAL,5938.4
February,2023,"MRPL-MANGALORE,KARNATAKA",1392.99
February,2023,"HPCL-MUMBAI,MAHARASHTRA",803.65
February,2023,"HPCL-VISAKH,ANDHRA PRADESH",745.84
February,2023,HPCL-TOTAL,2557.5
February,2023,"RIL-(SEZ), JAMNAGAR,GUJARAT",2280.04
February,2023,RIL TOTAL,4855.94
March,2023,"IOCL-KOYALI, GUJARAT",1346.06
March,2023,"IOCL-MATHURA, UTTAR PRADESH",897.88
March,2023,"IOCL-PANIPAT, HARYANA",1297.96
March,2023,"BPCL-MUMBAI, MAHARASHTRA",1358.27
March,2023,"ONGC-TATIPAKA,ANDHRA PRADESH",4.94
March,2023,"HMEL-GGSR, BATHINDA, PUNJAB",1110.38
March,2023,HPCL-TOTAL,2858.24
March,2023,RIL TOTAL,5359.75
April,2021,"IOCL-MATHURA, UTTAR PRADESH",819
April,2021,"BPCL-MUMBAI, MAHARASHTRA",1225
April,2021,"HPCL-VISAKH,ANDHRA PRADESH",826
April,2021,RIL TOTAL,5021
May,2021,"IOCL-BARAUNI,BIHAR",533
May,2021,CPCL-TOTAL,629
May,2021,HPCL-TOTAL,1958
May,2021,"RIL-(SEZ), JAMNAGAR,GUJARAT",2678
May,2021,RIL TOTAL,5515
May,2021,GRAND TOTAL,18970
June,2021,"IOCL-GUWAHATI,ASSAM",NA
June,2021,"IOCL-DIGBOI,ASSAM",59
June,2021,BPCL-TOTAL,2471
June,2021,"ONGC-TATIPAKA,ANDHRA PRADESH",6
June,2021,ONGC TOTAL,1015
June,2021,"RIL,JAMNAGAR,GUJARAT",2690
July,2021,"IOCL-HALDIA, WEST BENGAL",644
July,2021,"IOCL-MATHURA, UTTAR PRADESH",665
July,2021,"IOCL-PARADIP,ODISHA",1059
July,2021,"BPCL-MUMBAI, MAHARASHTRA",1253
July,2021,"BPCL-KOCHI, KERALA",1087
July,2021,"MRPL-MANGALORE,KARNATAKA",1105
August,2021,"IOCL-KOYALI, GUJARAT",1090
August,2021,"IOCL-HALDIA, WEST BENGAL",709
August,2021,"BPCL-KOCHI, KERALA",1087
August,2021,BORL-BINA,598
August,2021,"ONGC-TATIPAKA,ANDHRA PRADESH",7
August,2021,"RIL,JAMNAGAR,GUJARAT",2873
August,2021,RIL TOTAL,5110
September,2021,"CPCL-MANALI, TAMILNADU",497
September,2021,"BPCL-MUMBAI, MAHARASHTRA",957
September,2021,BORL-BINA,579
September,2021,"NRL-NUMALIGARH, ASSAM",238
September,2021,"HPCL-MUMBAI,MAHARASHTRA",411
September,2021,HPCL-TOTAL,2037
September,2021,RIL TOTAL,5203
October,2021,"IOCL-BARAUNI,BIHAR",427
October,2021,"IOCL-KOYALI, GUJARAT",939
October,2021,"IOCL-DIGBOI,ASSAM",61
October,2021,BORL-BINA,658
October,2021,"ONGC-TATIPAKA,ANDHRA PRADESH",6
October,2021,"MRPL-MANGALORE,KARNATAKA",1463
October,2021,"HMEL-GGSR, BATHINDA, PUNJAB",1113
October,2021,HPCL-TOTAL,2501
October,2021,"RIL,JAMNAGAR,GUJARAT",3110
November,2021,"IOCL-PANIPAT, HARYANA",1340
November,2021,"IOCL-DIGBOI,ASSAM",61
November,2021,CPCL-TOTAL,816
November,2021,"HPCL-MUMBAI,MAHARASHTRA",545
November,2021,GRAND TOTAL,21483
December,2021,"IOCL-MATHURA, UTTAR PRADESH",766
December,2021,BPCL-TOTAL,3321
December,2021,ONGC TOTAL,1441
December,2021,"HPCL-VISAKH,ANDHRA PRADESH",809
December,2021,RIL TOTAL,5529
January,2022,"IOCL-KOYALI, GUJARAT",1273
January,2022,"IOCL-HALDIA, WEST BENGAL",301
January,2022,"CPCL-MANALI, TAMILNADU",915
January,2022,"BPCL-KOCHI, KERALA",1450
January,2022,"HPCL-MUMBAI,MAHARASHTRA",852
January,2022,"RIL,JAMNAGAR,GUJARAT",3042
February,2022,"ONGC-TATIPAKA,ANDHRA PRADESH",6
February,2022,"MRPL-MANGALORE,KARNATAKA",1392
February,2022,ONGC TOTAL,1399
February,2022,HPCL-TOTAL,2519
March,2022,"IOCL-MATHURA, UTTAR PRADESH",884
March,2022,"IOCL-GUWAHATI,ASSAM",93
March,2022,IOCL TOTAL,6636
March,2022,"ONGC-TATIPAKA,ANDHRA PRADESH",6
March,2022,"HPCL-VISAKH,ANDHRA PRADESH",825
March,2022,HPCL-TOTAL,2628
April,2020,"IOCL-HALDIA, WEST BENGAL",305
April,2020,"NRL-NUMALIGARH, ASSAM",170
April,2020,ONGC TOTAL,673
May,2020,"IOCL-KOYALI, GUJARAT",769
May,2020,"IOCL-MATHURA, UTTAR PRADESH",730
May,2020,"IOCL-BONGAIGAON,ASSAM",196
May,2020,"CPCL-MANALI, TAMILNADU",441
June,2020,"IOCL-KOYALI, GUJARAT",1041
June,2020,"IOCL-DIGBOI,ASSAM",61
June,2020,"IOCL-BONGAIGAON,ASSAM",193
June,2020,"IOCL-PARADIP,ODISHA",1227
June,2020,"BPCL-KOCHI, KERALA",931
June,2020,"ONGC-TATIPAKA,ANDHRA PRADESH",7
July,2020,"IOCL-HALDIA, WEST BENGAL",580
July,2020,"IOCL-BONGAIGAON,ASSAM",222
July,2020,IOCL TOTAL,5363
July,2020,"BPCL-MUMBAI, MAHARASHTRA",1097
July,2020,"NRL-NUMALIGARH, ASSAM",219
August,2020,"IOCL-PANIPAT, HARYANA",977
August,2020,"IOCL-BONGAIGAON,ASSAM",206
August,2020,"IOCL-PARADIP,ODISHA",266
August,2020,CPCL-TOTAL,562
August,2020,"NRL-NUMALIGARH, ASSAM",226
August,2020,"ONGC-TATIPAKA,ANDHRA PRADESH",7
August,2020,ONGC TOTAL,913
September,2020,IOCL TOTAL,4657
September,2020,"BPCL-KOCHI, KERALA",980
September,2020,BPCL-TOTAL,2577
September,2020,"HPCL-MUMBAI,MAHARASHTRA",670
October,2020,"IOCL-BONGAIGAON,ASSAM",222
October,2020,BORL-BINA,561
October,2020,HPCL-TOTAL,2327
October,2020,"RIL-(SEZ), JAMNAGAR,GUJARAT",2441
October,2020,RIL TOTAL,5464
November,2020,"IOCL-BONGAIGAON,ASSAM",206
November,2020,"IOCL-PARADIP,ODISHA",1325
November,2020,"NRL-NUMALIGARH, ASSAM",230
November,2020,RIL TOTAL,5482
December,2020,"IOCL-HALDIA, WEST BENGAL",709
December,2020,"IOCL-PANIPAT, HARYANA",1359
December,2020,"BPCL-KOCHI, KERALA",1329
December,2020,HPCL-TOTAL,2311
December,2020,"RIL-(SEZ), JAMNAGAR,GUJARAT",2691
January,2021,"IOCL-KOYALI, GUJARAT",1187
January,2021,"MRPL-MANGALORE,KARNATAKA",1420
January,2021,"HMEL-GGSR, BATHINDA, PUNJAB",801
January,2021,HPCL-TOTAL,2240
January,2021,"RIL-(SEZ), JAMNAGAR,GUJARAT",2648
January,2021,RIL TOTAL,5564
February,2021,"IOCL-BARAUNI,BIHAR",518
February,2021,"IOCL-HALDIA, WEST BENGAL",657
February,2021,"IOCL-MATHURA, UTTAR PRADESH",790
February,2021,"IOCL-GUWAHATI,ASSAM",80
February,2021,IOCL TOTAL,5387
February,2021,BPCL-TOTAL,3503
February,2021,"ONGC-TATIPAKA,ANDHRA PRADESH",7
February,2021,"HPCL-MUMBAI,MAHARASHTRA",642
February,2021,"RIL,JAMNAGAR,GUJARAT",2664
February,2021,"RIL-(SEZ), JAMNAGAR,GUJARAT",2212
February,2021,"NEL-VADINAR,GUJARAT",1397
March,2021,"IOCL-HALDIA, WEST BENGAL",665
March,2021,"CPCL-MANALI, TAMILNADU",964
March,2021,BORL-BINA,602
March,2021,"NRL-NUMALIGARH, ASSAM",241
March,2021,BPCL-TOTAL,3603
March,2021,"HPCL-MUMBAI,MAHARASHTRA",715
April,2023,"IOCL-MATHURA, UTTAR PRADESH",836.71
April,2023,HPCL-TOTAL,2754.96
May,2023,"IOCL-GUWAHATI,ASSAM",96.3
May,2023,"IOCL-DIGBOI,ASSAM",64.4
May,2023,BORL-BINA,660.48
May,2023,"HMEL-GGSR, BATHINDA, PUNJAB",1101.06
June,2023,IOCL TOTAL,6297.37
June,2023,"MRPL-MANGALORE,KARNATAKA",1452.47
June,2023,ONGC TOTAL,1458.08
June,2023,"HPCL-VISAKH,ANDHRA PRADESH",1049.8
June,2023,"HMEL-GGSR, BATHINDA, PUNJAB",1062.37
June,2023,"RIL,JAMNAGAR,GUJARAT",2783.26
July,2023,"IOCL-KOYALI, GUJARAT",1330.93
July,2023,"IOCL-DIGBOI,ASSAM",63.47
July,2023,CPCL-TOTAL,1040.15
July,2023,"BPCL-MUMBAI, MAHARASHTRA",1367.99
July,2023,BORL-BINA,48.04
July,2023,RIL TOTAL,5516.03
July,2023,GRAND TOTAL,21885.12
August,2023,"CPCL-MANALI, TAMILNADU",1000.38
August,2023,HPCL-TOTAL,2996.38
August,2023,"RIL,JAMNAGAR,GUJARAT",2939.45
September,2023,"IOCL-MATHURA, UTTAR PRADESH",721.79
September,2023,"IOCL-DIGBOI,ASSAM",51.97
September,2023,"BPCL-KOCHI, KERALA",1299.36
September,2023,BPCL-TOTAL,3334.08
September,2023,"ONGC-TATIPAKA,ANDHRA PRADESH",4.18
September,2023,"HPCL-MUMBAI,MAHARASHTRA",846.75
September,2023,"HPCL-VISAKH,ANDHRA PRADESH",1013.17
September,2023,"RIL-(SEZ), JAMNAGAR,GUJARAT",1986.7
October,2023,"IOCL-BARAUNI,BIHAR",503.43
October,2023,"CPCL-MANALI, TAMILNADU",1007.23
October,2023,"HPCL-VISAKH,ANDHRA PRADESH",1010.06
October,2023,"RIL,JAMNAGAR,GUJARAT",2925.27
November,2023,"IOCL-PANIPAT, HARYANA",1308.49
December,2023,"IOCL-DIGBOI,ASSAM",69.08
December,2023,"BPCL-MUMBAI, MAHARASHTRA",1390.34
December,2023,"BPCL-KOCHI, KERALA",1563.39
December,2023,"ONGC-TATIPAKA,ANDHRA PRADESH",5.7
December,2023,ONGC TOTAL,1563.95
December,2023,"HMEL-GGSR, BATHINDA, PUNJAB",1109.95
December,2023,"RIL-(SEZ), JAMNAGAR,GUJARAT",2493.78
January,2024,"IOCL-MATHURA, UTTAR PRADESH",646.13
January,2024,"IOCL-BONGAIGAON,ASSAM",251.93
January,2024,"HMEL-GGSR, BATHINDA, PUNJAB",851.84
January,2024,"NEL-VADINAR,GUJARAT",1732.75
February,2024,"IOCL-BARAUNI,BIHAR",541.97
February,2024,"IOCL-DIGBOI,ASSAM",64.69
February,2024,"IOCL-BONGAIGAON,ASSAM",238.9
February,2024,"IOCL-PARADIP,ODISHA",1271.3
February,2024,"BPCL-MUMBAI, MAHARASHTRA",1307.15
February,2024,"HPCL-VISAKH,ANDHRA PRADESH",1254
February,2024,"HMEL-GGSR, BATHINDA, PUNJAB",884.58
March,2024,"IOCL-MATHURA, UTTAR PRADESH",900.97
March,2024,"IOCL-DIGBOI,ASSAM",68.77
March,2024,"IOCL-PARADIP,ODISHA",1405.67
March,2024,"ONGC-TATIPAKA,ANDHRA PRADESH",5.45
March,2024,"RIL,JAMNAGAR,GUJARAT",3016.31
April,2022,"CPCL-MANALI, TAMILNADU",904.2
April,2022,"BPCL-MUMBAI, MAHARASHTRA",1301.76
April,2022,"BPCL-KOCHI, KERALA",1314.11
April,2022,"MRPL-MANGALORE,KARNATAKA",1480.97
April,2022,"HPCL-VISAKH,ANDHRA PRADESH",797.81
April,2022,"HMEL-GGSR, BATHINDA, PUNJAB",1039.86
April,2022,"NEL-VADINAR,GUJARAT",1659.98
May,2022,IOCL TOTAL,6422.41
May,2022,"NRL-NUMALIGARH, ASSAM",275.34
May,2022,"HPCL-MUMBAI,MAHARASHTRA",844.05
May,2022,HPCL-TOTAL,2757.9
May,2022,"RIL,JAMNAGAR,GUJARAT",3123.94
May,2022,"RIL-(SEZ), JAMNAGAR,GUJARAT",2547.25
June,2022,"IOCL-KOYALI, GUJARAT",1314.78
June,2022,"IOCL-PARADIP,ODISHA",1263.58
June,2022,BPCL-TOTAL,2895.38
June,2022,"RIL,JAMNAGAR,GUJARAT",2953.79
June,2022,"NEL-VADINAR,GUJARAT",1679.61
July,2022,"IOCL-BARAUNI,BIHAR",558.62
July,2022,"HPCL-MUMBAI,MAHARASHTRA",876.49
July,2022,"RIL,JAMNAGAR,GUJARAT",2932.96
August,2022,"IOCL-HALDIA, WEST BENGAL",708.57
August,2022,"IOCL-PANIPAT, HARYANA",1207.09
August,2022,"BPCL-KOCHI, KERALA",1377.33
August,2022,BORL-BINA,412.22
August,2022,BPCL-TOTAL,3036.17
August,2022,"HPCL-VISAKH,ANDHRA PRADESH",555.78
August,2022,"RIL-(SEZ), JAMNAGAR,GUJARAT",2146.64
August,2022,GRAND TOTAL,19533.7
September,2022,"IOCL-HALDIA, WEST BENGAL",701.74
September,2022,"IOCL-MATHURA, UTTAR PRADESH",767.41
September,2022,BPCL-TOTAL,3067.65
September,2022,RIL TOTAL,4622.84
September,2022,GRAND TOTAL,19549.92
October,2022,"IOCL-DIGBOI,ASSAM",62.42
October,2022,"IOCL-BONGAIGAON,ASSAM",254.15
October,2022,CPCL-TOTAL,723.13
October,2022,"BPCL-KOCHI, KERALA",581.02
October,2022,"NRL-NUMALIGARH, ASSAM",279.61
October,2022,"ONGC-TATIPAKA,ANDHRA PRADESH",7.55
October,2022,"MRPL-MANGALORE,KARNATAKA",1493.47
October,2022,ONGC TOTAL,1501.02
October,2022,HPCL-TOTAL,2663.38
October,2022,"NEL-VADINAR,GUJARAT",1716.96
November,2022,"IOCL-HALDIA, WEST BENGAL",708.1
November,2022,"IOCL-DIGBOI,ASSAM",59.69
November,2022,CPCL-TOTAL,921
November,2022,ONGC TOTAL,1467.89
November,2022,RIL TOTAL,5233.71
December,2022,"IOCL-BARAUNI,BIHAR",529.96
December,2022,"IOCL-KOYALI, GUJARAT",1326.2
December,2022,"IOCL-PANIPAT, HARYANA",890.41
December,2022,"IOCL-BONGAIGAON,ASSAM",251.22
December,2022,"CPCL-MANALI, TAMILNADU",960.42
December,2022,BPCL-TOTAL,3563.35
December,2022,"HPCL-VISAKH,ANDHRA PRADESH",818.38
January,2023,"IOCL-GUWAHATI,ASSAM",94.01
January,2023,"BPCL-MUMBAI, MAHARASHTRA",1390.21
January,2023,BORL-BINA,678.71
January,2023,"ONGC-TATIPAKA,ANDHRA PRADESH",6.57
January,2023,"HPCL-VISAKH,ANDHRA PRADESH",823.65
January,2023,"RIL,JAMNAGAR,GUJARAT",2848
February,2023,"IOCL-GUWAHATI,ASSAM",86.09
February,2023,"IOCL-DIGBOI,ASSAM",57.15
February,2023,"IOCL-BONGAIGAON,ASSAM",233.22
February,2023,"IOCL-PARADIP,ODISHA",1191.96
February,2023,CPCL-TOTAL,927.88
February,2023,"HMEL-GGSR, BATHINDA, PUNJAB",1008.02
March,2023,"IOCL-BARAUNI,BIHAR",579.97
March,2023,"IOCL-DIGBOI,ASSAM",59.4
March,2023,"IOCL-PARADIP,ODISHA",1418.04
March,2023,CPCL-TOTAL,1033.64
March,2023,"MRPL-MANGALORE,KARNATAKA",1502.25
March,2023,"RIL,JAMNAGAR,GUJARAT",2822.16
March,2023,"RIL-(SEZ), JAMNAGAR,GUJARAT",2537.59
March,2023,"NEL-VADINAR,GUJARAT",1707.4
March,2023,GRAND TOTAL,23003.61
April,2021,"IOCL-PANIPAT, HARYANA",1322
April,2021,"BPCL-KOCHI, KERALA",1363
April,2021,"MRPL-MANGALORE,KARNATAKA",1100
April,2021,HPCL-TOTAL,1926
May,2021,"IOCL-BONGAIGAON,ASSAM",227
May,2021,IOCL TOTAL,5380
May,2021,BPCL-TOTAL,2601
May,2021,"HPCL-MUMBAI,MAHARASHTRA",119
June,2021,"IOCL-KOYALI, GUJARAT",1072
June,2021,"IOCL-HALDIA, WEST BENGAL",606
June,2021,"IOCL-PANIPAT, HARYANA",1213
June,2021,BORL-BINA,425
June,2021,HPCL-TOTAL,1848
June,2021,"NEL-VADINAR,GUJARAT",1650
July,2021,"IOCL-PANIPAT, HARYANA",1343
July,2021,"IOCL-GUWAHATI,ASSAM",NA
July,2021,"IOCL-BONGAIGAON,ASSAM",226
July,2021,CPCL-TOTAL,819
July,2021,ONGC TOTAL,1108
July,2021,"HMEL-GGSR, BATHINDA, PUNJAB",1098
August,2021,"IOCL-DIGBOI,ASSAM",56
August,2021,"IOCL-PARADIP,ODISHA",663
August,2021,"CPCL-MANALI, TAMILNADU",629
August,2021,CPCL-TOTAL,629
August,2021,BPCL-TOTAL,2971
August,2021,"NRL-NUMALIGARH, ASSAM",212
August,2021,"MRPL-MANGALORE,KARNATAKA",1007
August,2021,ONGC TOTAL,1013
August,2021,"NEL-VADINAR,GUJARAT",1710
September,2021,"IOCL-BARAUNI,BIHAR",56
September,2021,"IOCL-KOYALI, GUJARAT",1005
September,2021,"IOCL-HALDIA, WEST BENGAL",642
September,2021,"IOCL-MATHURA, UTTAR PRADESH",723
September,2021,CPCL-TOTAL,497
September,2021,"BPCL-KOCHI, KERALA",1338
September,2021,BPCL-TOTAL,2874
September,2021,"HPCL-VISAKH,ANDHRA PRADESH",546
October,2021,"IOCL-MATHURA, UTTAR PRADESH",854
October,2021,"IOCL-GUWAHATI,ASSAM",93
October,2021,ONGC TOTAL,1469
October,2021,RIL TOTAL,5754
October,2021,"NEL-VADINAR,GUJARAT",1749
November,2021,"CPCL-MANALI, TAMILNADU",816
November,2021,"BPCL-MUMBAI, MAHARASHTRA",1294
November,2021,BPCL-TOTAL,3407
November,2021,ONGC TOTAL,1475
November,2021,"RIL,JAMNAGAR,GUJARAT",2997
December,2021,"IOCL-GUWAHATI,ASSAM",84
December,2021,"IOCL-DIGBOI,ASSAM",62
December,2021,"IOCL-PARADIP,ODISHA",1330
December,2021,"BPCL-KOCHI, KERALA",1360
December,2021,"NRL-NUMALIGARH, ASSAM",137
December,2021,"RIL-(SEZ), JAMNAGAR,GUJARAT",2510
January,2022,"IOCL-BARAUNI,BIHAR",619
January,2022,"IOCL-BONGAIGAON,ASSAM",207
January,2022,BORL-BINA,722
January,2022,ONGC TOTAL,1448
January,2022,"HPCL-VISAKH,ANDHRA PRADESH",793
January,2022,"HMEL-GGSR, BATHINDA, PUNJAB",1100
January,2022,HPCL-TOTAL,2745
January,2022,GRAND TOTAL,21709
February,2022,"IOCL-HALDIA, WEST BENGAL",630
February,2022,"IOCL-MATHURA, UTTAR PRADESH",781
February,2022,"IOCL-PANIPAT, HARYANA",1122
February,2022,"CPCL-MANALI, TAMILNADU",928
February,2022,"BPCL-KOCHI, KERALA",1394
February,2022,BPCL-TOTAL,3225
February,2022,"HPCL-VISAKH,ANDHRA PRADESH",761
February,2022,"HMEL-GGSR, BATHINDA, PUNJAB",1010
February,2022,RIL TOTAL,4790
March,2022,"IOCL-HALDIA, WEST BENGAL",747
March,2022,"BPCL-MUMBAI, MAHARASHTRA",1268
March,2022,"BPCL-KOCHI, KERALA",1522
March,2022,RIL TOTAL,5129
March,2022,"NEL-VADINAR,GUJARAT",1690
April,2020,"IOCL-DIGBOI,ASSAM",54
April,2020,IOCL TOTAL,3046
April,2020,"CPCL-MANALI, TAMILNADU",308
April,2020,CPCL-TOTAL,308
April,2020,"BPCL-KOCHI, KERALA",815
April,2020,"RIL,JAMNAGAR,GUJARAT",2792
April,2020,"NEL-VADINAR,GUJARAT",1402
May,2020,"IOCL-HALDIA, WEST BENGAL",319
May,2020,"BPCL-MUMBAI, MAHARASHTRA",907
May,2020,"BPCL-KOCHI, KERALA",676
May,2020,BORL-BINA,440
May,2020,BPCL-TOTAL,2229
May,2020,ONGC TOTAL,572
May,2020,"HMEL-GGSR, BATHINDA, PUNJAB",653
May,2020,"NEL-VADINAR,GUJARAT",1561
June,2020,"IOCL-PANIPAT, HARYANA",1173
June,2020,CPCL-TOTAL,579
June,2020,"BPCL-MUMBAI, MAHARASHTRA",972
June,2020,"MRPL-MANGALORE,KARNATAKA",627
June,2020,"HPCL-MUMBAI,MAHARASHTRA",654
June,2020,RIL TOTAL,4652
June,2020,GRAND TOTAL,17537
July,2020,"IOCL-KOYALI, GUJARAT",1092
July,2020,"IOCL-GUWAHATI,ASSAM",87
July,2020,"ONGC-TATIPAKA,ANDHRA PRADESH",7
July,2020,"HPCL-MUMBAI,MAHARASHTRA",637
July,2020,"HMEL-GGSR, BATHINDA, PUNJAB",1035
July,2020,RIL TOTAL,4299
August,2020,"IOCL-MATHURA, UTTAR PRADESH",641
August,2020,"HPCL-VISAKH,ANDHRA PRADESH",651
August,2020,"RIL,JAMNAGAR,GUJARAT",3021
August,2020,GRAND TOTAL,16150
September,2020,"IOCL-KOYALI, GUJARAT",899
September,2020,"IOCL-HALDIA, WEST BENGAL",440
September,2020,"IOCL-MATHURA, UTTAR PRADESH",615
September,2020,"IOCL-PARADIP,ODISHA",992
September,2020,"CPCL-MANALI, TAMILNADU",770
September,2020,"MRPL-MANGALORE,KARNATAKA",813
September,2020,"HMEL-GGSR, BATHINDA, PUNJAB",1016
September,2020,"RIL,JAMNAGAR,GUJARAT",2779
September,2020,RIL TOTAL,5009
October,2020,"IOCL-MATHURA, UTTAR PRADESH",709
October,2020,"IOCL-PANIPAT, HARYANA",1237
October,2020,"IOCL-GUWAHATI,ASSAM",84
October,2020,"IOCL-PARADIP,ODISHA",1279
October,2020,"BPCL-MUMBAI, MAHARASHTRA",1051
October,2020,"BPCL-KOCHI, KERALA",1066
October,2020,"MRPL-MANGALORE,KARNATAKA",731
November,2020,"BPCL-KOCHI, KERALA",1337
November,2020,ONGC TOTAL,1018
November,2020,"RIL,JAMNAGAR,GUJARAT",2871
November,2020,"NEL-VADINAR,GUJARAT",1476
December,2020,"IOCL-KOYALI, GUJARAT",1173
December,2020,"IOCL-PARADIP,ODISHA",977
December,2020,IOCL TOTAL,5988
December,2020,"HPCL-VISAKH,ANDHRA PRADESH",707
December,2020,"HMEL-GGSR, BATHINDA, PUNJAB",1027
December,2020,RIL TOTAL,5688
January,2021,"IOCL-BONGAIGAON,ASSAM",211
January,2021,CPCL-TOTAL,917
January,2021,BORL-BINA,694
January,2021,"ONGC-TATIPAKA,ANDHRA PRADESH",8
January,2021,"HPCL-MUMBAI,MAHARASHTRA",639
February,2021,"IOCL-DIGBOI,ASSAM",22
February,2021,"NRL-NUMALIGARH, ASSAM",227
February,2021,"HMEL-GGSR, BATHINDA, PUNJAB",13
February,2021,HPCL-TOTAL,1392
March,2021,"IOCL-BARAUNI,BIHAR",569
March,2021,"IOCL-KOYALI, GUJARAT",944
March,2021,"IOCL-PANIPAT, HARYANA",1192
March,2021,"IOCL-GUWAHATI,ASSAM",89
March,2021,"BPCL-KOCHI, KERALA",1383
March,2021,"HMEL-GGSR, BATHINDA, PUNJAB",1025
March,2021,"RIL,JAMNAGAR,GUJARAT",2839
March,2021,"RIL-(SEZ), JAMNAGAR,GUJARAT",2051
March,2021,"NEL-VADINAR,GUJARAT",1627
March,2021,GRAND TOTAL,20985
